id,location_name,modern_name,confirmed,coordinates1,reati,,,2,"Carsulae, Carsule",n/a,no,"42.638390, 12.563283"3,Talianus,deserted,yes,"42.139940, 13.033908"4,Paganus,paganico,yes,"42.189933, 12.995928"5,"Toraniano, Toranianum",?,no,6,pitte,?,?,7,Orclana,,yes,"42.338889,11.945833"8,Massa Turano,,yes,9,"Ofigiano, Offiano",deserted,yes,"42.147071, 13.004728"10,Quinto,Borgo Quinzio (?),no,"42.163752, 12.717561"11,Maliano,Magliano Sabine (?),no,"42.364025, 12.479757"12,Casule,in Massa Notona,no,13,Asera,unrecognised,no,14,"Furcone, Furconino, Furcona",near LÍaquila ,no,"42.308101, 13.444762"15,Colomella (in Furcone),,,16,"Massa Notona, Massa Nautona",,,17,Pantana,,,18,Villa Tampilianus ,,,19,cellam in massa interocina (?) called Vallantis (In Rieti??),,,20,"Plagia, Plage",,,21,Pingui,,,22,Curtem of Ballantis in Massa Interocina ,,,23,bitianus Bezano,?,See Moreland Phd vol.2 Note 12. for possible location.   Near Farfa river,"42.235678, 12.688153"24,"Rescaniano, Rescanianus",,no,25,pelestrina,,,26,coniolicampi,?,,27,Puzalia,Near Rieti?,,28,Octavo,,,29,"Ilice, Hilice",,,30,Bagiano,,,31,"Corneto, corneta. ",Abandoned settlement detailed by Hubert,yes Staffa pg.  264 2Hubert p.136,"42.205274, 12.974129"32,Massa Ciculana,cicolano ?,,"42.327980, 12.977846"33,Petronianus in Massa Ciculani,,,33,"arianum, marianum",,,34,Mutella,HAS POTENTIAL INVESTIGATE THIS PLACE,,35,"cicilimum , cicillum",,related to Massa Circulanaƒ investigate in relation to casalae san donato,36,Turris,INVESTIGATE FURTHER FIND REF.,,37,"Fornicatam, fornicata",,,38,Germanicianum,many refs investigate further,,39,Classicella,many refs investigate further,,40,Massingianus,,,41,Tampiliano,,,42,"Uiterbii, uiterbum",Viterbo,yes,"42.417230, 12.105916"43,praetoriolo ,,,44,"Hilianu, illianus",,,45,Antiano,,,46, figlinulae,,,47,corneliano,,,48, tarlano,,,49,Longitiae,,,50,antiquo,???????,no,51,antonianus,,,52,Camertulum,Camerino,,"43.135218, 13.068435"53,Tancies/Tancii,Monte Tancia,Suggested by Costambeys p. 79 See also Toubert pg. 437 lots of info!!!!,"42.321201, 12.732209"54,caerasum,?,"No, woods near Tancies",55,Asera / Aser,,"No, Above or near the Via Saleria",56,Campus Gartiani,,,57,Decano,,"No, ","42.527523, 12.264758"58,Quintiano,,,59,varianum,,,60,Spoleto,,,61,Interocrino,"AntrodocoInterocrino means between the mountains. I believe this is on the Via Saleria",yes ,"42.415286, 13.075594 "62,centucellensis,Civitavecchia,yes ,"42.104930, 11.798233"63,Tuscanensis,https://www.wikiwand.com/la/Tuscana,yes,"42.418539, 11.870313"64,Fortuna,Near Viterboƒ,,